,$id,CompanyCode,FullName,CompanyID,CatID
0,2,A32,32 Joint Stock Company ,4712,3
1,3,AAA,An Phat Plastic &amp; Green Environment JSC,2541,2
2,4,AAM,Mekong Fisheries Joint Stock Company,1813,1
3,5,AAV,Viet Tien Son Real Estate Holding Company,4522,2
4,6,ABR,Viet Brand Invest Joint Stock Company,4473,3
5,7,ABS,BinhThuan Agriculture Services JSC,4784,1
6,8,ABT,Bentre Aquaproduct Import And Export JSC,783,1
7,9,ACB,Asia Commercial Bank,885,2
8,10,ACC,Becamex Asphalt &amp; Concrete JSC,2041,1
9,11,ACL,Cuu Long Fish Joint Stock Company,936,1
10,12,ACM,A Cuong Mineral Group JSC,4027,2
11,13,ADC,Art Design And Communication JSC,2486,2
12,14,ADG,Clever Group Corporation,4779,3
13,15,AFC,Binh Duong Agriculture and Forestry JSC,4511,3
14,16,AG1,28.1 JSC,4633,3
15,17,AGF,Angiang Fisheries Import  Export JSC,38,1
16,18,AGG,An Gia Real Estate Investment and Development Corporation,4782,1
17,19,AGM,An Giang Import - Export Company,1935,1
18,20,AGR,AgriBank Securities Joint-Stock Corporation,1401,1
19,21,ALT,Alta Company,778,2
20,22,ALV,Vinas A Luoi Joint Stock Company,2657,2
21,23,AMC,Asia Mineral Joint Stock Company,2655,2
22,24,AMD,AMD Group Investment Joint Stock Company,3728,1
23,25,AME,Alphanam E&amp;C Joint Stock Company,2611,2
24,26,AMP,Armephaco Joint Stock Company,2607,3
25,27,AMV,American - Vietnamese Biotech Incorporation,2121,2
26,28,ANV,Nam Viet Corporation,1016,1
27,29,APC,An Phu Irradiation Joint Stock Company,1896,1
28,30,APG,An Phat Securities Joint Stock Company,1201,2
29,31,APH,An Phat Holdings Joint Stock Company,4803,1
30,32,API,Asia - Pacific  Investment Joint Stock Company ,1864,2
31,33,APL,,4393,3
32,34,APP,Additives And Petroleum Products Joint Stock Company,2670,2
33,35,APS,Asia - Pacific  Securities Joint Stock Company ,1319,2
34,36,AQN,28 Quang Ngai Joint Stock Company,4732,3
35,37,ARM,General Aviation Import Export JSC,1756,2
36,38,ASA,WMT Sana Joint Venture JSC,3021,2
37,39,ASG,,4698,1
38,40,ASM,Sao Mai Group Corporation,1930,1
39,41,ASP,An Pha Petrol Joint Stock Company,1060,1
40,42,AST,Taseco Air Services JSC,4626,1
41,43,ATA,Ntaco Corporation,1817,1
42,44,ATB,,4543,3
43,45,ATD,28 Da Nang Joint Stock Company,4746,3
44,46,ATS,Atesco Industrial Cartering Joint Stock Company,4136,2
45,47,AVC,A Vuong Hydropower JSC,3123,3
46,48,B82,Joint Stock Company No 482,1135,2
47,49,BAL,Beer - Alcohol - Beverage Packaging Joint Stock Company,2158,3
48,50,BAM,Bac A Metallurgy &amp; Mineral JSC,3763,2
49,51,BAX,Thong Nhat Joint Stock Company,1561,2
50,52,BBC,Bibica Corporation,47,1
51,53,BBH,Hoang Thach Bagging Joint Stock Company,4801,3
52,54,BBM,Ha Noi - Nam Dinh Beer JSC,4004,3
53,55,BBS,VICEM Packaging But Son JSC,889,2
54,56,BBT,Bach Tuyet Cotton Corporation,315,3
55,57,BCB,397 Joint Stock Company,4713,3
56,58,BCC,Bim Son Cement JSC,892,2
57,59,BCE,Binh Duong ConStruction &amp; Civil Engineering JSC,1769,1
58,60,BCG,Bamboo Capital Joint Stock Company,4058,1
59,61,BCI,Binh Chanh Construction Investment Shareholding Company,1489,1
60,62,BDB,Binh Dinh Book &amp; Equipment Joint Stock Company,1862,2
61,63,BDF,Binh Dinh Footwear JSC,3104,3
62,64,BDP,Oriental Sea Villas and Hotel JSC,4493,3
63,65,BED,Danang Books &amp; School Equipment JSC,1848,2
64,66,BFC,Binh Dien Fertilizer Joint Stock Company,3629,1
65,67,BGM,Bac Giang Exploitable Mineral Joint Stock Company,2760,1
66,68,BGW,Bac Giang Clean Water Joint Stock Company,4087,3
67,69,BHA,Bac Ha Hydropower Joint Stock Company,4531,3
68,70,BHG,Bien Ho Tea Limited Company,4715,3
69,71,BHK,,4671,3
70,72,BHN,Hanoi Beer Alcohol And Beverage Joint Stock Corporation,1313,1
71,73,BHS,Bien Hoa Sugar Joint Stock Company,784,1
72,74,BHT,Bach Dang TMC Construction Investment JSC,2659,3
73,75,BHV,Viglacera Ba Hien Joint Stock Company,893,3
74,76,BIC,BIDV Insurance Corporation,1909,1
75,77,BID,JSC Bank For Investment And Development Of Vietnam,1161,1
76,78,BII,Bao Thu Industrial Development and Investment JSC,3746,2
77,79,BKC,Bac Kan Mineral Joint Stock Corporation,1806,2
78,80,BKG,BKG Viet Nam Investment Joint Stock Company,4847,1
79,81,BLF,Bac Lieu Fisheries Joint Stock Company,1151,2
80,82,BLU,Bac Lieu Urban Service Center,4728,3
81,83,BMC,Binh Dinh Minerals Joint Stock Company,785,1
82,84,BMD,Binh Thuan Environmental Urban Service Joint Sotck Company,4512,3
83,85,BMF,,4670,3
84,86,BMG,Binh Minh Garment Joint Stock Company,4719,3
85,87,BMI,BaoMinh Insurance Corporation,894,1
86,88,BMN,715 Joint Stock Company,4294,3
87,89,BMP,Binh Minh Plastic Joint-Stock Company,712,1
88,90,BMV,Vinafood 1 Flour Joint Stock Company,4391,3
89,91,BNA,Bao Ngoc Investment Production Corporation,4834,2
90,92,BOT,Thai Ha Bridge BOT Joint Stock Company,4727,3
91,93,BPC,Vicem Packaging Bim Son JSC,40,2
92,94,BQB,Ha Noi - Quang Binh Beer JSC,4629,3
93,95,BRC,Ben Thanh Rubber Joint Stock Company,2146,1
94,96,BRR,BaRia Rubber Joint Stock Company,4515,3
95,97,BRS,Ba Ria Urban Service JSC,3829,3
96,98,BSA,,4699,3
97,99,BSC,Ben Thanh Service Joint Stock Company,2081,2
98,100,BSD,Sai Gon - Dong Xuan Beer Alcohol JSC,4495,3
99,101,BSH,Saigon - Hanoi Beer Coporation,4694,3
100,102,BSI,Bank for Invesment &amp; Development of Vietnam Securities Company,1402,1
101,103,BSL,SaiGon-SongLam Beer Joint Stock Company,4514,3
102,104,BSP,Sai Gon - Phu Tho beer JSC,4365,3
103,105,BSQ,Sai Gon - Quang Ngai Beer JSC,2802,3
104,106,BST,Binh Thuan Book And Equiptment JSC,1447,2
105,107,BT6,Beton 6 Corporation,36,3
106,108,BTB,Ha Noi - Thai Binh Beer Joint Stock Company,2401,3
107,109,BTD,Thu Duc Centrifugal Concrete Joint Stock Company,2455,3
108,110,BTN,Binh Dinh Tunnel Brick JSC,4627,3
109,111,BTP,BaRia Thermal Power Joint Stock Company,1702,1
110,112,BTS,Vicem But Son Cement JSC,895,2
111,113,BTT,Ben Thanh Trading &amp; Service Joint Stock Company,2042,1
112,114,BTV,BenThanh Tourist Service Corporation ,3848,3
113,115,BTW,Ben Thanh Water Supply Joint Stock Company,1307,2
114,116,BVH,Bao Viet Holdings,1544,1
115,117,BVS,Baoviet Securities Company,897,2
116,118,BWS,Ba Ria - Vung Tau Water Supply Joint Stock Company,2440,3
117,119,BXH,Hai Phong Cement Packing JSC,1563,2
118,120,BXT,Hau Giang Bus and Boat Station Joint Stock Company,4739,3
119,121,C22,,4679,3
120,122,C32,Construction Investment Corporation 3-2,2055,1
121,123,C47,Construction Joint Stock Company 47,2120,1
122,124,C92, Construction &amp; Investment JSC No 492,1028,2
123,125,CAG,An Giang Port Joint Stock Company,4504,2
124,126,CAN,Ha Long Canned Food Joint Stock Corporation,48,2
125,127,CAP,Yen Bai Joint Stock Forest Agricultural And Foodstuffs Company,1029,2
126,128,CAV,Vietnam Electric Cable Corporation,1283,1
127,129,CBI,,4562,3
128,130,CBS,Cao Bang Sugar JSC,3337,3
129,131,CC1,,4343,1
130,132,CCI,Cu Chi Commercial &amp; Industrial Developing Investment JSC,1277,1
131,133,CCL,Cuu Long Petro Urban Development &amp;  Investment Corporation,2710,1
132,134,CCM,Can Tho Mineral &amp; Cement Joint Stock Company,1312,3
133,135,CCP,Hai Phong Cua Cam Port Joint Stock Company,1638,3
134,136,CCV,VCC Engineering Consultants JSC,3835,3
135,137,CDC,Chuong Duong Joint Stock Company,1031,1
136,138,CDG,Cau Duong Joint Stock Company,2284,3
137,139,CDO,Consultancy Design &amp; Urban Development JSC,3982,1
138,140,CDP,Codupha Central Pharmaceutical JSC,2524,3
139,141,CE1,"Construction and Industry Equipment  .,JSC CIE1",3010,3
140,142,CEE,CII Engineering and Construction JSC,4468,1
141,143,CEG,Construction and Industry Equipment Group Corporation,2005,3
142,144,CEN,Cencon Vietnam JSC,4685,3
143,145,CEO,C.E.O Group Joint Stock Company,3345,2
144,146,CER,Cadastre and Enviromental Resources Joint Stock Company,4580,3
145,147,CET,Tech - Vina Joint Stock Company,4380,2
146,148,CFV,Thang loi Coffee JSC,4735,3
147,149,CHP,Central Hydropower Joint Stock Company,2123,2
148,150,CHS,HOCHIMINH CITY PUBLIC LIGHTING JSC,4242,3
149,151,CIA,Cam Ranh International Airport Services Joint Stock Company,4510,2
150,152,CID,Construction &amp; Infrastructure Development JSC,899,2
151,153,CIG,COMA 18 Joint Stock Company,2933,1
152,154,CII,Ho Chi Minh City Infrastructure Investment JSC,95,1
153,155,CJC,Central Area Electrical Mechanical JSC,900,2
154,156,CKA,,4711,3
155,157,CKH,HaiPhong Machinery Manufacturing Joint Stock Company ,2861,3
156,158,CKV,COKYVINA JSC,2175,2
157,159,CLC,Cat Loi Joint Stock Company,779,1
158,160,CLG,Cotec Invesment &amp; Land-House Development JSC,2252,1
159,161,CLL,Cat Lai Port Joint Stock Company,1637,1
160,162,CLM,Vinacomin - Coal Import Export Joint Stock Company,2221,2
161,163,CLW,Cholon Water Supply Joint Stock Company,1918,1
162,164,CLX,Cholon Investment And Import - Export Corporation ,4252,3
163,165,CMC,CMC Investment Joint Stock Company,901,2
164,166,CMG,CMC Corporation,1879,1
165,167,CMI,CMISTONE Viet Nam Joint Stock Company,1860,2
166,168,CMS,Viet Nam Construction and Manpower JSC,2529,2
167,169,CMT,Information &amp; Networking Technology JSC,1897,1
168,170,CMV,Ca Mau Trading Joint Stock Company,1733,1
169,171,CMW,Ca Mau Water Supply Joint Stock Company,4478,3
170,172,CMX,Ca Mau Frozen Seafood Processing Import Export Corporation,2368,1
171,173,CNG,CNG Viet Nam Joint Stock Company,3053,1
172,174,CNN,Consultant &amp; Inspection JSC of Construction Technology &amp; Equipment - CONINCO,3837,3
173,175,COM,Materials - Petroleum Joint Stock Company,768,1
174,176,ContainerMienTrung,Central Container Joint Stock Company,4483,2
175,177,CPC,Can Tho Pesticides JSC,1841,2
176,178,CPH,HaiPhong Funeral Services JSC,4455,3
177,179,CSC,Thanh Nam Contruction and Investment JSC,1522,2
178,180,CSM,The Southern Rubber Industry JSC,1253,1
179,181,CSV,South Basic Chemicals JSC,3862,1
180,182,CT5,319.5 Joint Stock Company,4789,3
181,183,CT6,Construction Joint Stock Company No6,2100,2
182,184,CTA,Vinavico Joint Stock Company,2643,2
183,185,CTB,Hai Duong Pump Manufacturing JSC,902,2
184,186,CTC,CTC Gia Lai Culture Joint Stock Company,1213,2
185,187,CTD,Cotec Construction Joint Stock Company,1553,1
186,188,CTF,City Auto Corporation,4428,1
187,189,CTG,Vietnam Joint Stock Commercial Bank for Industry and Trade,1160,1
188,190,CTI,Cuong Thuan IDICO Deverlopment Investment Coporation,1856,1
189,191,CTN,Underground Works Construction JSC,903,2
190,192,CTR,Viettel Construction Joint Stock Company,2931,3
191,193,CTS,Viet Nam Bank For Industry &amp; Trade Securities JSC,1405,2
192,194,CTT,Vinacomin - Machinery Joint Stock Company,2747,2
193,195,CTX,Vietnam Investment Construction and Trading JSC,2271,2
194,196,CVH,Hai Phong Green Park Joint Stock Company,4513,3
195,197,CVN,Vinam Joint Stock Company,2618,2
196,198,CVT,CMC Joint Stock Company,1854,2
197,199,CX8,Constrexim No 8 Investment and Construction JSC,1431,2
198,200,CYC,Chang Yih Ceramic Joint Stock Company,767,3
199,201,D11,Real Estate 11 Joint Stock Company,2489,2
200,202,D2D,Industrial Urban Development JSC No. 2,1805,1
201,203,DAC,Viglacera Dong Anh Joint Stock Company,904,2
202,204,DAD,Da Nang Education Developmet &amp; Investment JSC,1811,2
203,205,DAE,Educational Book JSC In Da Nang City,905,2
204,206,DAG,Dong A Plastic Joint Stock Company,1838,1
205,207,DAR,Dian Train JSC,4194,3
206,208,DAT,Travel Investment And Seafood Development Corporation,4167,1
207,209,DBC,Dabaco Group,1131,2
208,210,DBD,Binhdinh Pharmaceutical and Medical Equipment JSC,2696,1
209,211,DBH,HaiPhong Overland Road Joint Stock Company,4313,3
210,212,DBT,Ben Tre Pharmaceutical JSC,1851,2
211,213,DC2,Development Investment Construction Number 2 JSC,2534,2
212,214,DC4,DIC No.4 Joint Stock Company,1432,2
213,215,DCF,Design And Construction Joint Stock Company No.1,1761,3
214,216,DCI,Da Nang Chemical Industries Joint Stock Company,2471,3
215,217,DCL,Benovas Pharmaceutical Company,1305,1
216,218,DCM,Petro Viet Nam Ca Mau Fertilizer JSC,3844,1
217,219,DCS,Dai Chau Group Joint Stock Company,1032,2
218,220,DFC,Dong Anh Chain and Freewheel JSC,3346,3
219,221,DGC,Duc Giang Chemical &amp; Detergent Powder JSC,2374,2
220,222,DGL,Duc Giang - Lao Cai Chemicals JSC,3354,2
221,223,DGW,DIGIWORLD CORPORATION,4086,1
222,224,DHA,Hoa An Joint Stock Company,666,1
223,225,DHC,Dong Hai Joint Stock Company of Bentre,1800,1
224,226,DHD,Hai Duong Pharmaceutical Medical Material JSC,2467,3
225,227,DHG,DHG Pharmaceutical Joint Stock Company,822,1
226,228,DHM,Duong Hieu Trading and Mining JSC,3250,1
227,229,DHP,Hai Phong Electromechanical JSC,3307,2
228,230,DHT,Ha Tay Pharmaceutical Joint Stock Company,1395,2
229,231,DIC,DIC Investment &amp; Trading Joint Stock Company,787,1
230,232,DID,DIC-Dong Tien Joint Stock Company,1982,2
231,233,DIG,Development Investment Construction JSC,1554,1
232,234,DIH,Development Investment Construction Hoi An JSC,1751,2
233,235,DKH,Hau Giang Register JSC,4797,3
234,236,DKP,,4707,3
235,237,DL1,Duclong Gialai Investment &amp; Development of Public Project Service JSC,2075,2
236,238,DLG,Duc Long Gia Lai Group Joitn Stock Company,1551,1
237,239,DLR,Dalat Real Estate Joint Stock Company,2133,2
238,240,DM7,,4710,3
239,241,DMC,Domesco Medical Import Export Joint Stock Corporation,788,1
240,242,DNA,,4573,3
241,243,DNB,Book and Educational Equipment of Dak Nong Company Limited,4743,3
242,244,DNC,Hai Phong Electricity Water Machine Assembly JSC,1962,2
243,245,DNE,Da Nang Urban Environment JSC,4476,3
244,246,DNH,Da Nhim - Ham Thuan - Da Mi Hydro Power Joint Stock Company,4516,3
245,247,DNM,Danameco Medical Joint Stock Corporation,2159,2
246,248,DNN,,4525,3
247,249,DNP,Dongnai Plastic Joint – Stock Company,789,2
248,250,DNY,DANA - Y Steel Joint Stock Company,2546,2
249,251,DongLong,,4658,1
250,252,DP1,Central Pharmaceutical Company No.1 JSC,4117,3
251,253,DP2,Central Pharmaceutical JSC,4496,3
252,254,DP3,Central Phamaceutical Joint Stock Company No3,2124,2
253,255,DPC,Da Nang Plastic Joint Stock Company,45,2
254,256,DPD,Dong Phu – Dak Nong Ruber Joint Stock Company,4854,3
255,257,DPG,Dat Phuong Joint - Stock Company,2364,3
256,258,DPH,Hai Phong Pharmaceutical Joint Stock Company,2871,3
257,259,DPM,Petrovietnam Fertilizer &amp; Chemicals Corporation,994,1
258,260,DPR,Dong Phu Rubber Joint Stock Company,1013,1
259,261,DPS,Soc Son Development Investment Joint Stock Company,4019,2
260,262,DQC,Dien Quang Joint Stock Company,1059,1
261,263,DRC,Danang Rubber Joint Stock Company,790,1
262,264,DRG,Daklak Rubber Joint Stock Company,4775,3
263,265,DRH,Dream House Investment Corporation,2613,1
264,266,DRI,DakLak Rubber Investment JSC,4500,3
265,267,DRL,Hydro Power Joint Stock Company – Power No.3,2825,1
266,268,DSC,Da Nang Securities Company,1328,3
267,269,DSN,Dam Sen Water Park Corporation,2346,1
268,270,DSS,Sai Gon Railway JSC,4492,3
269,271,DST,Nam Dinh Educational Book And Equipment JSC ,1033,2
270,272,DSV,Vinh Phu Railway JSC,4408,3
271,273,DTA,De Tam Joint Stock Company,2617,1
272,274,DTB,Bao Loc City Urban Projects Joint Stock Company,4751,3
273,275,DTD,Thanh Dat Investment Development Joint Stock Company,4584,2
274,276,DTE,Dai Truong Thanh Holdings Energy Investment Joint Stock Company,4850,3
275,277,DTG,Tipharco Phamaceutical Joint Stock Company,2116,3
276,278,DTI,Duc Trung Investment JSC,4632,3
277,279,DTL,Dai Thien Loc Corporation,2435,1
278,280,DTP,Ha Noi CPC1 Pharmaceutical Joint Stock Company,4816,3
279,281,DTT,Do Thanh Technology Corporation,791,1
280,282,DUS,Dalat Urban Service Joint Stock Company,4783,3
281,283,DVN,Vietnam Pharmaceutical Corporation - JSC,4322,3
282,284,DVP,Dinh Vu Port Investment and Development JSC,1505,1
283,285,DVW,Dong Nai Water Supply Construction And Services JSC,4681,3
284,286,DX2,319.2 Investment And Construction JSC,4693,3
285,287,DXD,VVMI – Investment And Construction Joint Stock Company,4800,3
286,288,DXG,Dat Xanh Real Estate Service &amp; Construction Corporation,1914,1
287,289,DXP,Doan Xa Port Joint Stock Company,792,2
288,290,DXV,Da Nang Construction Building Materials &amp; Cement JSC,1116,1
289,291,DZM,Dzĩ An Manufacturing Public Limited Company,1763,2
290,292,E1SSHN30,SSIAM HNX30 ETF,3827,2
291,293,E1VFVN30,VFMVN30 ETF,3747,1
292,294,E29,29 Investment Construction And Engineering JSC,4766,3
293,295,EBA,Bac Na Hydropower JSC,4764,2
294,296,EBS,Educational Book JSC In Hanoi City,908,2
295,297,ECI,Education Cartography And Illustration JSC,1785,2
296,298,EFI,"Education Financial Investment,.  JSC",1829,3
297,299,EIB,Vietnam Commercial Joint Stock Export Import Bank,1171,1
298,300,EIC,EVN International Joint Stock Company,2952,3
299,301,EID,Hanoi Education Development &amp; Investment JSC,1804,2
300,302,EIN,Power Investment – Trade – Service JSC,3252,3
301,303,ELC,Electronics Communications Technology Investment Development Corporation,2623,1
302,304,EMC,Thu Duc Electro Mechanical Joint Stock Company,2028,1
303,305,EMS,VNPost Express Joint Stock Company,3708,3
304,306,EPC,,4705,3
305,307,EPH,Ha Noi Education Publishing Services JSC,3126,3
306,308,EVE,Everpia JSC,2647,1
307,309,EVG,Everland Invesment Joint Stock Company,4480,1
308,310,FBC,,4574,3
309,311,FCM,Fecon Mining Joint Stock Company,3570,1
310,312,FCN,FECON CORPORATION,3109,1
311,313,FCS,Ho Chi Minh City Food JSC,4340,3
312,314,FDC,Foreign Trade Development &amp; Investment Corporation of HCMC,97,1
313,315,FDT,FiditourJoint Stock Company,1758,2
314,316,FGL,,4701,3
315,317,FHN,Ha Noi Food Import - Export Joint Stock Company,2390,3
316,318,FID,Vietnam Enterprise Investerment And Development JSC,3897,2
317,319,FIT,F.I.T Investment Joint Stock Company,3564,1
318,320,FLC,FLC Group JSC,2652,1
319,321,FMC,Sao Ta Foods Joint Stock Company ,793,1
320,322,FOX,FPT Telecom Joint Stock Company,2371,3
321,323,FPT,FPT Corporation,191,1
322,324,FRC,Forest Products Export JSC Of Quang Nam,1693,3
323,325,FRM,Saigon Forestry Imporr - Export Company Limited,4196,3
324,326,FSO,Viet Nam Fishery Mechanical Shipbuilding JSC,1302,3
325,327,FT1,,4559,3
326,328,FTI,Friendship Trading - Industrial Joint Stock Company,4579,3
327,329,FTM,Duc Quan Investment and Development Joint Stock Company,4050,1
328,330,FTS,FPT Securities Joint Stock Company,1178,1
329,331,FUCTVGF1,TVAM Growth Fund,4429,1
330,332,FUCTVGF2,,4703,1
331,333,FUESSV30,SSIAM VN30 ETF,4833,1
332,334,FUESSV50,SSIAM VNX50 ETF,4581,1
333,335,FUESSVFL,ETF SSIAM VNFIN LEAD,4798,1
334,336,FUEVFVND,VFMVN DIAMOND ETF,4802,1
335,337,FUEVN100,VN100 ETF,4831,1
336,338,G20,GHome Textile Investment JSC,3987,2
337,339,GAB,FLC Mining Investment &amp; Asset Management Joint Stock Company,4749,1
338,340,GAS,PetroVietnam Gas Joint Stock Corporation,2728,1
339,341,GDT,Duc Thanh Wood Processing JSC,1837,1
340,342,GEG,Gialai Electricity JSC,3025,3
341,343,GIC,Green Development and Investment Service Joint Stock Company,4838,2
342,344,GIL,Binh Thanh Import - Export Production &amp; Trade JSC,43,1
343,345,GLC,Lao Cai Gold Joint Stock Company,4721,3
344,346,GLT,Global Electrical Technology Corporation,1268,2
345,347,GLW,Gia Lai Water Supply Limited Company,4350,3
346,348,GMC,Saigon Garmex Manufacturing Trade Joint Stock Company,795,1
347,349,GMD,Gemadept Corporation,37,1
348,350,GMX,My Xuan Brick Tile Pottery And Construction JSC,2189,2
349,351,GQN,Quang Nam Aquatic Breeding Center,4786,3
350,352,GSP,International Gas Product Shipping Joint Stock Company,3012,1
351,353,GTA,Thuan An Wood Processing Joint Stock Company,891,1
352,354,GTN,Thong Nhat Production &amp; Investment JSC,3740,1
353,355,GTT,Thuan Thao Corporation,2629,1
354,356,GVT,Viet Tri Paper Joint Stock Company ,2832,3
355,357,HAB,HaNoi School Books And Equipment JSC,4628,3
356,358,HAD,Ha Noi - Hai Duong Beer JSC,1839,2
357,359,HAG,HAGL Joint Stock Company,1448,1
358,360,HAH,Hai An Transport &amp; Stevedoring JSC,3826,1
359,361,HAI,HAI Agrochem Joint Stock Company,910,1
360,362,HAP,Hapaco Corporation,24,1
361,363,HAR,An Duong Thao Dien JSC,3329,1
362,364,HAS,Hacisco Joint Stock Company,665,1
363,365,HAT,Ha Noi Beer Trading Joint Stock Company,2449,2
364,366,HAV,Hapro Vodka Joint Stock Company,4607,3
365,367,HAW,Provincial Center For Rural Water Supply and Sanitation,4821,3
366,368,HAX,Hang Xanh Motors Service Joint Stock Company  ,796,1
367,369,HBC,Hoa Binh Construction &amp; Real Estate Corporation,797,1
368,370,HBE,Ha Tinh Book And Equipment Education JSC,1080,2
369,371,HBI,HBI Joint Stock Company,4283,3
370,372,HBS,Hoa Binh Securities JSC,1342,2
371,373,HBW,Hoa Binh Clear Water JSC,4655,3
372,374,HCC,Intimex - Hoa Cam Concrete JSC,1035,2
373,375,HCM,Ho Chi Minh City Securities Corporation,684,1
374,376,HCS,Hanoi Railway Signal &amp; Telecom JSC,4491,3
375,377,HCT,Hai Phong Cement Transport &amp; Trading JSC,1065,2
376,378,HD8,Housing and Urban Development Investment Joint Stock Company HUD8,4730,3
377,379,HDA,Dong A Paint Joint Stock Company,2641,2
378,380,HDB,Ho Chi Minh Development Joint Stock Commercial Bank,1195,1
379,381,HDC,Ba Ria - Vung Tau House Development JSC,951,1
380,382,HDG,Ha Do Group Joint Stock Company,1511,1
381,383,HDO,Hung Dao Container Joint Stock Corporation,1836,2
382,384,HDP,Ha Tinh Pharmaceutical JSC,2460,3
383,385,HDW,Hai Duong Water Joint Stock Company,4236,3
384,386,HEJ,,4523,3
385,387,HEP,Hue Urban Environment And Public Works Joint Stock Company,4615,3
386,388,HEV,Higher Education And Vocational Book JSC ,1042,2
387,389,HFB,Ho Chi Minh City Ferry Bridge Construction JSC,4237,3
388,390,HFS,Hanoi Trading Service Fashion JSC,3883,3
389,391,HGA,Hau Giang Agricultural Breeding Center,4790,3
390,392,HGC,Hau Giang Center for Architecture - Planning,4795,3
391,393,HGM,Ha Giang Mineral Mechinics Joint  Stock Company,1861,2
392,394,HGR,Hau Giang Resources And Environment JSC,4820,3
393,395,HGW,HAUGIANG WATER SUPPLY AND SEWERAGE - PROJECTS URBAN JSC,4436,3
394,396,HHC,Haiha Confectionery JSC,1056,2
395,397,HHG,Hoang Ha Joint Stock Company,2640,2
396,398,HHN,,4414,3
397,399,HHR,Ha Hai Railway Joint Stock Company,4458,3
398,400,HHS,Hoang Huy Investment Services Joint Stock Company,2951,1
399,401,HID,,4344,1
400,402,HII,An Phat - Yen Bai Mineral and Plastic JSC,4471,1
401,403,HJS,Nam Mu Hydropower Joint Stock Company,911,2
402,404,HKB,Ha Noi – Kinh Bac Agriculture and Food JSC,4009,2
403,405,HKT,Hiep Khanh Tea Joint Stock Company,4092,2
404,406,HLB,Ha Long Beverage Joint Stock Company,2248,3
405,407,HLC,Vinacomin - Ha Lam Coal JSC,1532,2
406,408,HLD,Hudland Real Estate Investmnet and Development JSC,3321,2
407,409,HLE,Hai Phong Electric Lighting Joint Stock Company,4592,3
408,410,HLG,Hoang Long Group,1508,1
409,411,HLY,Viglacera Ha Long I Joint Stock Company,912,2
410,412,HMC,HCM City Metal Corporation,799,1
411,413,HMH,Hai Minh Corporation,2477,2
412,414,HNA,,4567,3
413,415,HND,Hai Phong Thermal Power SJC,3710,3
414,416,HNG,HOANG ANH GIA LAI AGRICULTURAL JOINT STOCK COMPANY,4100,1
415,417,HNI,Huu Nghi Garment Joint Stock Company,2997,3
416,418,HNM,Hanoimilk Joint Stock Company,915,2
417,419,HNR,Ha Noi Liquor Joint Stock Company,2257,3
418,420,HOM,Vicem Hoang Mai Cement JSC,1389,2
419,421,HOT,Hoi An Torurist Service Joint Stock,1288,1
420,422,HPC,Hai Phong Securities Joint Stock Company,916,2
421,423,HPG,Hoa Phat Group Joint Stock Company,997,1
422,424,HPH,Ha Bac Hung Phat Chemical JSC,3138,3
423,425,HPM,Hoang Phuc Mineral Trading and Contruction JSC,4168,2
424,426,HPS,Hoa Phat Construction Stone JSC,917,2
425,427,HPU,28 Hung Phu JSC,4643,3
426,428,HPX,Hai Phat Investment JSC,4682,1
427,429,HQC,Hoang Quan Consulting-Trading-Service Real Estate Corporation,2706,1
428,430,HRB,Harec Investment and Trade Joint Stock Company,4587,3
429,431,HRC,Hoa Binh Rubber Joint Stock Company,800,1
430,432,HSA,Hestia JSC,4435,3
431,433,HSG,Hoa Sen Group,1308,1
432,434,HSL,,4672,1
433,435,HST,Hung Yen Books &amp; School Equipment JSC,1904,2
434,436,HT1,Ha Tien 1 Cement Joint Stock Company,1000,1
435,437,HTC,Hoc Mon Trade Joint Stock Company,1397,2
436,438,HTG,Hoa Tho Textile &amp; Garment Joint Stock Corporation,2330,3
437,439,HTI,IDICO Infrastructure Development Investment Joint Stock Company,2676,1
438,440,HTK,,4700,3
439,441,HTL,Truong Long Auto &amp; Technology Joint Stock Company,2609,1
440,442,HTP,Hoaphat Textbook Printing JSC  ,919,2
441,443,HTR,Ha Thai Railway JSC,4462,3
442,444,HTV,Ha Tien Transport Joint Stock Company ,74,1
443,445,HU1,HUD1 Investment &amp; Construction Joint Stock Company,2111,1
444,446,HU3,HUD3 Investment and Construction Joint Stock Company,2043,1
445,447,HUT,Tasco Joint Stock Company,1132,2
446,448,HVA,Hưng Việt Green Agriculture JSC,4016,2
447,449,HVG,Hung Vuong Joint Stock Corporation,1857,1
448,450,HVN,Vietnam Airlines JSC,3738,3
449,451,HVT,Viet Tri Chemical Joint Stock Company,1556,2
450,452,HVX,Vicem Hai Van Cement Joint Stock Company,2519,1
451,453,HWS,Thua Thien Hue Water Supply JSC,4401,3
452,454,I10,IDICO No.10 Investment Construction Joint Stock Company,4295,3
453,455,IBD,Binh Duong General Printing Joint Stock Company,4733,3
454,456,ICF,Investment Commerce Fisheries Corporation,920,1
455,457,ICG,Song Hong Construction Joint Stock Company,1543,2
456,458,IDC,Vietnam Urban And Industrial Zone Development Investment Corporation Company Limited,4552,3
457,459,IDI,International Development &amp; Investment Corporation,2662,1
458,460,IDJ,IDJ Vietnam Investment  JSC,2066,2
459,461,IDN,Danang Printing and Service Joint Stock Company,2532,3
460,462,IDP,International Dairy Products Joint Stock Company,4852,3
461,463,IDV,Vinh Phuc Infrastructure Development JSC,2006,2
462,464,IJC,Becamex Infrastructure Development JSC,1705,1
463,465,IKH,The Scientific Technical Printing JSC,3326,3
464,466,ILA,TRT Joint Stock Company ,4600,3
465,467,IMP,Imexpharm Corporation,801,1
466,468,INC,IDICO Investment Consultancy JSC,1740,2
467,469,INN,Agriculture Printing &amp; Packing Joint Stock Company,1885,2
468,470,INTERSERCO,,4306,1
469,471,IPH,Print And Statistical Form Publishment Company Limited,4745,3
470,472,IST,Tan Cang Song Than ICD JSC,4411,3
471,473,ITA,Tan Tao Investment Industrial JSC,802,1
472,474,ITC,Investment and Trading Of Real Estate JSC,1355,1
473,475,ITD,Innovative Technology Development Corporation,1631,1
474,476,ITQ,Thien Quang Group JSC,3006,2
475,477,IVS,Vietnam Investment Securities Company,1202,2
476,478,JVC,Viet Nhat Medical Instrument Joint Stock Company,2757,1
477,479,KAC,Khang An Investment Real Estate Joint Stock Company,2660,1
478,480,KBC,Kinh Bac City Development Share Holding Corporation,1066,1
479,481,KDC,KIDO Group,753,1
480,482,KDF,,4561,3
481,483,KDH,Khang Dien Investment &amp; Trading House JSC,1905,1
482,484,KDM,Long Thanh Construction and Trading Joint Stock Company,4173,2
483,485,KHA,Khanh Hoi Investment and Services Corporation,607,1
484,486,KHB,Hoa Binh Minerals Joint Stock Company,2544,2
485,487,KHL,Hung Long Mineral and Building Material JSC,2876,3
486,488,KHP,Khanh Hoa Power Joint Stock Company,803,1
487,489,KHS,Kien Hung JSC,2772,2
488,490,KHW,Khanh Hoa Water Supply And Sewerage JSC,4459,3
489,491,KKC,Produce &amp; Trading Metal Joint Stock Company,1235,2
490,492,KLB,Kien Long Commercial Joint Stock Bank,1223,3
491,493,KLF,KLF Joint Venture Investment International JSC,3573,2
492,494,KLS,Kim Long Securities Corporation,1041,2
493,495,KMR,Mirae Joint Stock Company,1159,1
494,496,KMT,Central Viet Nam Metal Corporation,1683,2
495,497,KOS,KOSY Joint Stock Company,4572,3
496,498,KPF,KPF Consultant International Project JSC,4028,1
497,499,KSA,Binh Thuan Mineral Industry Joint Stock Company,2630,1
498,500,KSB,Binh Duong Mineral &amp; Construction Joint Stock Company,1891,1
499,501,KSD,DNA Investment JSC,2598,2
500,502,KSE,,4534,3
501,503,KSH,KSH Invesment &amp; Development JSC,1437,1
502,504,KSK,Mineral Ferrous Metallergy JSC,3306,2
503,505,KSQ,Quang Anh Mineral Joint Stock Company,3565,2
504,506,KSS,Na Ri Hamico Mineral Joint Stock Company,1910,1
505,507,KST,Kasati Joint Stock Company,2319,2
506,508,KTB,"Tây Bắc Minerals Investment ., JSC",2692,1
507,509,KTC,Kien Giang Trade and Tourism Company Limited,4409,3
508,510,KTS,Kon Tum Sugar Joint Stock Company,2729,2
509,511,KTT,Thien Truong Electric Company,2669,2
510,512,KTU,Kon Tum Urban Environment JSC,4637,3
511,513,KVC,Kim Vi Inox Import Export Prodution Joint Stock Company,4006,2
512,514,L10,Lilama 10 Joint Stock Company,1024,1
513,515,L12,Licogi 12 Joint Stock Company,2184,3
514,516,L14,Licogi 14 JSC,2404,2
515,517,L18,Investment And Construction JSC No.18 ,1133,2
516,518,L35,Lilama Erection Mechanical Joint Stock Company,1884,2
517,519,L43,Lilama 45.3 Joint Stock Company,1153,2
518,520,L44,Lilama 45.4 JSC,1886,3
519,521,L61,Lilama 69.1 Joint Stock company ,1440,2
520,522,L62,Lilama 69 - 2 Joint Stock Company,1134,2
521,523,LAF,Long An Food Processing Export Joint Stock Company,25,1
522,524,LAS,Lam Thao Fertilizers And Chemicals JSC,2708,2
523,525,LBC,,4540,3
524,526,LBE,Long An School Book &amp; Equipment JSC,1058,2
525,527,LBM,Lam Dong Minerals &amp; Building Materiasl Joint Stock Company,804,1
526,528,LCD,Erection - Electromechanics Testing Joint Stock Company,2425,2
527,529,LCG,Licogi 16 Joint Stock Company,1360,1
528,530,LCM,Lao Cai Mineral Exploitation &amp; Processing JSC,3024,1
529,531,LCS,Licogi 166 JSC,2134,2
530,532,LDG,LDG INVESTMENT JOINT STOCK COMPANY,4066,1
531,533,LDP,Lam Dong Pharmaceutical JSC,2001,2
532,534,LEC,Central Power Real Estate Joint Stock Company,1618,1
533,535,LG9,Mechanized Construction and Installation Joint Stock Company,4616,3
534,536,LGC,CII Bridges &amp; Roads Investment JSC,805,1
535,537,LGL,Long Giang Investment &amp; Urban Development JSC,1831,1
536,538,LHC,Lam Dong Investment &amp; Hydraulic Construction JSC,1881,2
537,539,LHG,Long Hau Corporation,1314,1
538,540,LIG,Licogi 13 JSC,2341,2
539,541,LIX,Lix Detergent Joint Stock Company,1868,1
540,542,LM7,Lilama 7 Joint Stock Company,2456,2
541,543,LM8,Lilama 18 Joint Stock Company,1509,1
542,544,LMC,,4554,3
543,545,LO5,Lilama5 Joint Stock Company,1865,2
544,546,LSS,Lam Son Sugar Joint Stock Corporation,1036,1
545,547,LTC,Low Current - Telecom Joint Stock Company,922,2
546,548,LUT,Luong Tai Invesment &amp; Construction Joint Stock Corporation,1057,2
547,549,LWS,Lao Cai Water Supply Joint Stock Company,4619,3
548,550,M10,Garmant 10 Corporation - Joint Stock Company,2420,3
549,551,MAC,Maritime Supply &amp; Techlonogy Service JSC,1903,2
550,552,MAS,Middle Airports Services Joint Stock Company,1816,2
551,553,MBB,Military Commercial Joint Stock Bank,1190,1
552,554,MBG,Vietnam Tranding and Construction Development Investment Joint Stoct Company,4054,2
553,555,MBN,,4704,3
554,556,MBS,MB Securities Joint Stock Company,30,2
555,557,MC3,Minerals Joint Stock Company No.3 - Vimico,3357,3
556,558,MCC,High Grade Brick Tile Joint Stock Company,2300,2
557,559,MCF,Mechanics Contruction &amp; Foodstuff JSC,2705,2
558,560,MCG,Vietnam Mechanization Electrification &amp; Construction JSC,1823,1
559,561,MCH,Masan Consumer Corporation,1519,3
560,562,MCO,Investment and Construction BDC Viet Nam JSC,1081,2
561,563,MCP,My Chau Printing &amp; Packaging Holdings Company,806,1
562,564,MCT,Material Trading and Construction Joint Stock Company,2090,3
563,565,MDA,Dong Anh Urban Environment JSC,4634,3
564,566,MDC,Vinacomin - Mong Duong Coal JSC,1801,2
565,567,MDG,Mien Dong Joint Stock Company,2240,1
566,568,MEC,Song Da Mechanical - Asembling Joint Stock Company,924,2
567,569,MEL,Me Lin Steel Joint Stock Company,4518,2
568,570,MGG,Duc Giang Corporation,2233,3
569,571,MH3,Binh Long Rubber Industrial Park Corporation,3347,3
570,572,MHC,MHC Joint Stock Company,618,1
571,573,MHL,Minh Huu Lien Joint Stock Company,1867,2
572,574,MHP,Viet Tri Enviroment And Service Joint Stock Company,4840,3
573,575,MHY,Hung Yen Urban Environment and Public Works JSC,4738,3
574,576,MIE,Machines and Industrial Equipment Corporation,4398,3
575,577,MIG,Military Insurance Company,1940,3
576,578,MIM,Mineral &amp; Mechanical Joint Stock Company,2408,2
577,579,MKP,Mekophar Chemical Pharmaceutical Joint Stock Company,1548,3
578,580,MKV, Cai Lay Veterinary Pharmaceutical Joint Stock Company,1441,2
579,581,MLC,,4503,3
580,582,MLS,Mitraco Livestock Joint Stock Company,4379,3
581,583,MML,Masan MeatLife Corporation,4771,3
582,584,MNC,Mai Linh Central JSC,1743,2
583,585,MND,Nam Dinh Environment Joint Stock Company,4536,3
584,586,MPT,Phu Thanh Garment Jpint Stock Company,4119,2
585,587,MPY,Phu Yen Town Environment JSC,4497,3
586,588,MQB,Quang Binh Environment and Urban Development Joint Stock Company,4588,3
587,589,MQN,Quang Ngai Urban Environment JSC,4689,3
588,590,MRF,MERUFA Joint Stock Company,2119,3
589,591,MSC,Phu Nhuan Service Joint Stock Company,2381,2
590,592,MSN,Masan Group Corporation,1858,1
591,593,MST,1.1.6.8 Contruction Joint Stock Company,4279,2
592,594,MTB,Thai Binh Environment And Urban Projects Joint Stock Company,4845,3
593,595,MTS,Vinacomin - Materials Trading JSC,3661,3
594,596,MTV,,4539,3
595,597,MVC,Binh Duong Building Materials &amp; Construction Corporation ,4213,3
596,598,MVN,,4708,1
597,599,MVY,Vinh Yen Environment and Urban Services JSC,3360,3
598,600,MWG,Mobile World Investment Corporation,3362,1
599,601,NAC,National of General Construction Consultants JSC,2278,3
600,602,NAF,Nafoods Group Joint Stock Company,4162,1
601,603,NAG,Nagakawa Viet Nam Joint Stock Company,1822,2
602,604,NAS,Noibai Airport Services Joint Stock Company,1668,3
603,605,NAU,Nghe An Urban Environment JSC,4204,3
604,606,NAV,Nam Viet Joint Stock Company,808,1
605,607,NBB,NBB Investment Corporation,1469,1
606,608,NBC,Vinacomin - Nui Beo Coal JSC,927,2
607,609,NBP,Ninh Binh Thermal Power JSC,1802,2
608,610,NCP,,4558,3
609,611,NCT,Noi Bai Cargo Terminal Service Joint Stock Company,2186,1
610,612,NDF,Nam Dinh Export Foodstuff  &amp; Agricultural Products Processing JSC,3736,2
611,613,NDN,Danang Housing Investment Development JSC,2712,2
612,614,NDW,Nam Dinh Water Supply Joint Stock Company,4742,3
613,615,NDX,Da Nang Housing Development JSC,3572,2
614,616,NET,NET Detergent Joint Stock Company,1242,2
615,617,NFC,Ninh Binh Phosphate Fertilizer Joint Stock Company,2307,2
616,618,NGC,Ngo Quyen Export Seafood Processing JSC,1082,2
617,619,NHA,Ha Noi South Housing &amp; Urban Development Corporation,2614,2
618,620,NHC,Nhi Hiep Brick-Tile JSC,754,2
619,621,NHH,,4549,3
620,622,NHP,NHP Production Import - Export JSC,3986,2
621,623,NHS,Ninh Hoa Sugar Joint Stock Company,2155,1
622,624,NHT,Nam Hoa Trading &amp; Production Corporation,3028,3
623,625,NKG,Nam Kim Steel Joint Stock Company,2684,1
624,626,NLG,Nam Long Investment Corporation ,1385,1
625,627,NLS,LANG SON WATER SUPPLY AND DRAINAGE JSC,4359,3
626,628,NNC, Nui Nho Stone JSC,1821,1
627,629,NNQ,Quang Nam Agricultural Varietties JSC,4792,3
628,630,NPS,Phu Thinh - Nha Be Garment Joint Stock Commpany,929,2
629,631,NQN,Quang Ninh Clean Water JSC,4688,3
630,632,NRC,,4663,2
631,633,NSC,National Seed Joint Stock Company,809,1
632,634,NSL,Son La Water Supply Joint Stock Company,4750,3
633,635,NSS,Dong Nai Agricultural Livestock Product Joint Stock Company,4714,1
634,636,NST,Ngan Son Joint Stock Company,930,2
635,637,NT2,PetroVietnam Power Nhon Trach 2 JSC,2348,1
636,638,NTH,Nuoc Trong Hydro-Power Joint Stock Company,4740,2
637,639,NTL,Tu Liem Urban Development Joint Stock Company,1022,1
638,640,NTP,Tien Phong Plastic Joint Stock Company ,931,2
639,641,NTR,,4404,3
640,642,NTT,Nha Trang Textile Garment Joint Stock Company,2283,3
641,643,NVB,National Citizen Commercial Joint Stock Bank,1210,2
642,644,NVT,Ninh Van Bay Travel Real Estate JSC,2347,1
643,645,OCH,Ocean Hospitality &amp; Service JSC,2695,2
644,646,OGC,Ocean Group Joint Stock Company,2545,1
645,647,ONE,One Communication Technology Corporation,1189,2
646,648,ONW,One World Services JSC,4454,3
647,649,OPC,OPC Pharmaceutical Joint Stock Company,1258,1
648,650,ORS,Orient Securities Corporation,1350,2
649,651,PAC,Dry Cell And Storage Battery Joint Stock Company,740,1
650,652,PAI,Petroleum Information Technology Telecom and Automation JSC,4442,3
651,653,PAN,The Pan Group Joint Stock Company,932,1
652,654,PBK,Bac Kan Petro VietNam Power Joint Stock Company,4599,3
653,655,PBP,PetroVietnam Packaging JSC,3752,2
654,656,PCC,Petrolimex Construction Joint Stock Company 1,2130,3
655,657,PCE,Central PetroVietnam Fertilizer And Chemicals JSC,4090,2
656,658,PCF,Petec Coffee Joint Stock Company,1628,3
657,659,PCG,PetroVietnam Gas City Investment and Development JSC,2483,2
658,660,PCM,,4535,3
659,661,PCN,DMC - Northern Petroleum Chemicals JSC,3352,2
660,662,PCT,Cuu Long Petro Gas Service Transportation JSC,2668,2
661,663,PDB,Pacific Dinco Corporation,4020,2
662,664,PDC,Phuong Dong Petroleum Tourism JSC,1828,2
663,665,PDN,Dong Nai Port JSC,2074,1
664,666,PDR,Phat Dat  Real Estate Development Joint Stock Company,2619,1
665,667,PDT,Dongthap Petroleum Trading Import Export Company Limited,4717,3
666,668,PDV,Phuong Dong Viet Transportation Oil J.S.C,3223,3
667,669,PEN,Petrolimex Installation No.III Joint Stock Company,2160,2
668,670,PET,Petrovietnam General Services JS Corporation,941,1
669,671,PGC,Petrolimex Gas Corporation - JSC,810,1
670,672,PGD,PetroVietNam Low Pressure Gas Distribution JSC,1552,1
671,673,PGI,Petrolimex Insurance Corporation,2044,1
672,674,PGN,Plastic Additives Joint Stock Company,4736,2
673,675,PGS,Southern Gas Joint Stock Company,1068,2
674,676,PGT,PGT Holdings Joint Stock Company,1487,2
675,677,PHC,Phuc Hung Holdings Construction JSC,1863,2
676,678,PHP,Por of Hai Phong Joint Stock Company,3781,2
677,679,PHR,Phuoc Hoa Rubber Joint Stock Company,1549,1
678,680,PIT,Petrolimex International Trading Joint Stock Company,1079,1
679,681,PIV,PIV JSC,2656,2
680,682,PJC,Petrolimex Hanoi Transportation &amp; Trading JSC,933,2
681,683,PJT,Petrolimex Joint Stock Tanker Company,811,1
682,684,PKR,Phu Khanh Railway JSC,4432,3
683,685,PLA,Petroleum Logistic Service and Investment JSC,2142,3
684,686,PLC,Petrolimex Petrochemical Corporation - JSC,934,2
685,687,PLP,,4542,1
686,688,PLX,Viet Nam National Petroleum Group,3023,1
687,689,PMB,North Petro Vietnam Fertilizer and Chemicals Joint Stock Company,4123,2
688,690,PMC,Pharmedic Pharmaceutical Medicinal JSC,1316,2
689,691,PME,Pymepharco Joint Stock Company,2249,1
690,692,PMG,Petro Center Corporation,4639,1
691,693,PMP,Dam Phu My Packaging Joint Stock Company,4084,2
692,694,PMS,Petroleum Mechanical Stock Company,654,2
693,695,PNC,Phuong Nam Cultural Joint Stock Corporation,1798,1
694,696,PND,Petrovietnam Oil Nam Dinh JSC,4457,3
695,697,PNJ,Phu Nhuan Jewelry Joint Stock Company,1531,1
696,698,PNT,Phu Nhuan Technical Construction Joint Stock Company,1692,3
697,699,POB,,4563,3
698,700,POM,Pomina Steel Corporation,2415,1
699,701,POT,Post And Telecommunication Equipment Factory JSC,935,2
700,702,PPC,Pha Lai Thermal Power Joint Stock Company,999,1
701,703,PPE,PetroVietnam Power Engineering Consulting JSC,2699,2
702,704,PPI,Pacific Infrastructure Project Development &amp; Investment Corporation,2492,1
703,705,PPP,Phong Phu Pharmaceutial JSC,1658,2
704,706,PPS,Petro Vietnam Power Services Joint Stock Company,2693,2
705,707,PPY,Petrovietnam Oil Phu Yen Joint Stock Company,2674,2
706,708,PQN,PTSC Quang Ngai Joint Stock Company,4762,3
707,709,PRC,Portserco Logistics JSC,2516,2
708,710,PSC,Petrolimex Saigon Transportation and Service JSC,938,2
709,711,PSD,Petroleum General Distribution Services JSC,3567,2
710,712,PSE,South-East PetroVietnam Fertilizer &amp; Chemicals JSC,3017,2
711,713,PSH,Nam Song Hau Trading Investing Petroleum Joint Stock Company,4791,1
712,714,PSI,Petrovietnam Securities Incorporated ,1353,2
713,715,PSW,South-West PetroVietnam Fertilizer and Chemicals JSC,3310,2
714,716,PTB,Phu Tai Joint Stock Company,1706,1
715,717,PTC,Post &amp; Telecommunications Investment And Construction JSC,939,1
716,718,PTD,Phuc Thinh Design Construction Trading Corporation,2019,2
717,719,PTI,Post - Telecommunication Joint - Stock Insurance Corporation,1938,2
718,720,PTK,Phu Thinh Metallurgy JSC,3273,1
719,721,PTL,"PVC Petro Capital &amp;  Infrastructure Investment., JSC",2602,1
720,722,PTS,Hai Phong Petrolimex Transportation &amp; Services JSC,940,2
721,723,PV2,PV2 Investment JSC,2687,2
722,724,PVB,PetroViet Nam Coating JSC,3032,2
723,725,PVC,Drilling Mud Joint Stock Corporation,1084,2
724,726,PVD,PetroVietnam Drilling &amp; Well Services Corporation,814,1
725,727,PVE,PetroVietnam Engineering Consultancy JSC,1085,2
726,728,PVG,PetroVietnam Northern Gas Joint Stock Company,1456,2
727,729,PVH,Thanh Hoa Petroleum Construction JSC,2965,3
728,730,PVI,PVI Holdings,944,2
729,731,PVL,Petroleum Real Estate JSC,2162,2
730,732,PVR,PetroVietnam Premier Recreation JSC,2612,2
731,733,PVS,PetroVietnam Technical Services Corporation,945,2
732,734,PVT,Petrovietnam Transportation Corporation,1015,1
733,735,PVV,Vinaconex – PVC Construction Investment JSC,2631,2
734,736,PVX,Petro Vietnam Construction Joint Stock Corporation,1807,2
735,737,PXA,Petrovietnam - Nghe An Investment &amp; Trading JSC,2738,3
736,738,PXC,PetroVietnam Urban Development JSC,2906,3
737,739,PXI,Petroleum Industrial &amp; Civil Construction JSC,2586,1
738,740,PXL,"IDICO - Petroleum Trading Construction Investment ., JSC",2520,1
739,741,PXS,"Petroleum Equipment Assembly &amp; Metal Structure .,JSC",2592,1
740,742,PXT,Petroleum Pipeline and Tank Construction Joint Stock Company,2554,1
741,743,PYU,Phuc Yen Environment and Urban Works JSC,3330,3
742,744,QBS,Quang Binh Import &amp; Export JSC,3758,1
743,745,QCG,Quoc Cuong Gia Lai Joint Stock Company,1358,1
744,746,QHD,Viet Duc Welding Electrode Joint Stock Company,1908,2
745,747,QHW,QUANG NINH MINERALWATER CORPORATION,4419,3
746,748,QLD,Lang Son Road Management And Construction JSC,4630,3
747,749,QLT,Inland Waterway Management Maintenance Joint Stock Company No.10,4477,3
748,750,QNC,Quang Ninh Construction &amp; Cement JSC,1086,2
749,751,QNT,Dien Ban Construction Consultants Center,4787,3
750,752,QNU,Quang Nam Urban Environment JSC,4464,3
751,753,QNW,Quang Ngai Water Supply Sewerage And Construction JSC,4424,3
752,754,QST,Quang Ninh Book &amp; Educational Equipment JSC,1520,2
753,755,QTC,Quang Nam Transportion Construction JSC,1457,2
754,756,QTP,Quang Ninh Thermal Power Joint Stock Company,3594,3
755,757,RAL,Rangdong Light Source And Vacuum Flask JSC,815,1
756,758,RCL,Cho Lon Real Estate JSC,946,2
757,759,RDP,Rang Dong Plastic JSC,1812,1
758,760,REE,Refrigeration Electrical Engineering Corporation,21,1
759,761,RHN,HaNinh Railway JSC,4469,3
760,762,RIC,Royal International Corporation,913,1
761,763,RLC,Lao Cai Road JSC,4412,3
762,764,RTB,Tan Bien Rubber JSC,4254,3
763,765,RTH,Thanh Hoa Railway JSC,4461,3
764,766,RTS,DANANG RAIL WAY TELECOMMUNICATION - SIGNALIZATION JSC ,4399,3
765,767,S12,Song Da No 12 Joint Stock Company,1095,3
766,768,S4A,Se San 4A Hydro Power JSC,4229,1
767,769,S55,Song Da 505 Joint Stock Company,947,2
768,770,S74,Song Da 7.04 Joint Stock Company,1799,2
769,771,S99,SCI Joint Stock Company,1096,2
770,772,SAF,Safoco Foodstuff Joint Stock Company,816,2
771,773,SAM,Sacom Development &amp; Investment Corporation,23,1
772,774,SAP,Textbook Printing Joint Stock Company in Ho Chi Minh City ,957,2
773,775,SAV,Savimex Corporation,35,1
774,776,SBA,Song Ba Joint Stock Company,1922,1
775,777,SBH,Song Ba Ha Hydro Power JSC,4683,3
776,778,SBL,Saigon Baclieu Beer JSC,4443,3
777,779,SBM,,4553,3
778,780,SBR,Song Be Rubber Joint Stock Company,4755,3
779,781,SBT,Thanh Thanh Cong Tay Ninh JSC,1115,1
780,782,SBV,Siam Brothers Vietnam JSC,4416,1
781,783,SC5,Construction Joint Stock Copany No 5,974,1
782,784,SCA,Song Con Agriculture Joint Stock Company,4819,3
783,785,SCD,Chuong Duong Beverages Joint Stock Company,729,1
784,786,SCH,Song Chay 5 HydroPower JSC,4421,3
785,787,SCI,Songda 9 Contruction and Investment JSC,3729,2
786,788,SCJ,Sai Son Cement Joint Stock Company,963,2
787,789,SCL,Song Da Cao Cuong JSC,2207,2
788,790,SCR,Sai Gon Thuong Tin Real Estate JSC,1356,2
789,791,SCY,Song Cam Shipbuilding Joint Stock Company,4578,3
790,792,SD2,Song Da No 2 JSC,1097,2
791,793,SD4,Song Da 4 Joint Stock Company,1169,2
792,794,SD5,Song Da No 5 JSC,961,2
793,795,SD6,Song Da No 6 JSC,964,2
794,796,SD7,Song Da 7 JSC,965,3
795,797,SD9,Song Da No 9 JSC,1098,2
796,798,SDA,Simco Song Da JSC,966,2
797,799,SDC,Song Da Consulting Joint Stock Company,967,2
798,800,SDD,Song Da Investment And Construction JSC,1099,2
799,801,SDE,Song Da Electrical Engineering JSC,2174,2
800,802,SDG,Sadico Cantho Joint Stock Corporation,1889,2
801,803,SDH,Song Da Infrastructure Construction JSC,1849,2
802,804,SDJ,Song Da No 25 Joint Stock Company,1100,3
803,805,SDN,Dong Nai Paint Corporation,817,2
804,806,SDP,Petro Song Da Trading and Investment Joint Stock Company,1542,2
805,807,SDT,Song Da No 10 JSC,968,2
806,808,SDU,Song Da Urban Investment Construction &amp; Development JSC,1827,2
807,809,SDY,Song Da Yaly Cement Joint Stock Company,969,2
808,810,SEB,Mien Trung Power Investment &amp; Development JSC,1460,2
809,811,SED,Phuong Nam Education Investment &amp; Development JSC,1810,2
810,812,SEP,Quang Tri General Trading JSC,4446,3
811,813,SFC,SaiGon Fuel Joint Stock Company,592,1
812,814,SFG,The Southern Fretilizee JSC,3207,1
813,815,SFI,Sea &amp; Air Freight International,818,1
814,816,SFN,Sai Gon Fishing Net Joint Stock Company,819,2
815,817,SGC,Sa Giang Import Export Corporation,736,2
816,818,SGD,Educational Book JSC In Ho Chi Minh City,970,2
817,819,SGH,Sai Gon Hotel Corporation ,26,2
818,820,SGO,Sai Gon Vegetable Oil Joint Stock Company,4114,2
819,821,SGT,Sai Gon Telecommunication &amp; Technologies Corporation,1037,1
820,822,SHA,Son Ha Sai Gon Joint Stock Company,3269,2
821,823,SHB,Saigon Hanoi Commercial Joint Stock Bank,1208,2
822,824,SHE,Son Ha Development Of Renewable Energy Joint Stock Company,4725,2
823,825,SHI,Son Ha International Corporation,2013,1
824,826,SHN,Ha Noi Investment General Corporation,2011,2
825,827,SHP,Southern Hydropower JSC,1764,1
826,828,SHS,Saigon - Hanoi Securities JSC,1181,2
827,829,SHX,SAIGON TRAIN JOINT STOCK COMPANY,4395,3
828,830,SIC,Song Da Investment &amp; Development Joint Stock Company,971,2
829,831,SID,Saigon Co.op  Investment Development JSC,2441,3
830,832,SII,Sai Gon Water Infrastrution Real Corporation,3068,1
831,833,SIP,Sai Gon VRG Investment Corporation,4734,3
832,834,SIV,SIVICO JSC,4501,3
833,835,SJ1,Hung Hau Agricultural Corporation,820,2
834,836,SJC,Song Da 1.01 Joint Stock Company,1101,2
835,837,SJD,Can Don Hydro Power Joint Stock Company,821,1
836,838,SJE,Song Da No 11 JSC,973,2
837,839,SJS,Song Da Urban &amp; Industrial Zone Investment &amp; Development JSC,693,1
838,840,SKG,Superdong Fast Ferry Kieng Giang JSC,3593,1
839,841,SKH,Khanh Hoa Sanest Beverage Joint Stock Company,4538,3
840,842,SKN,,4706,3
841,843,SKV,Khanh Hoa Salanganest Nest Soft Drink Joint Stock Company,4329,3
842,844,SLS,Son La Sugar JSC,2746,2
843,845,SMA,Sai Gon Machinery Spare Parts JSC,2624,1
844,846,SMC,SMC Investment Trading Joint Stock Company,823,1
845,847,SMN,South books and Educational  Equipment JSC,3176,2
846,848,SMT,Sam Cuong Material Electric and Telecom Corporation,1759,2
847,849,SNZ,Sonadezi Corporation,4212,3
848,850,SON,International Manpower Supply and Trade JSC ,4071,3
849,851,SP2,,4384,3
850,852,SPI,Spilit Stone Joint Stock Company,3312,2
851,853,SPM,SPM Joint Stock Company,1295,1
852,854,SPP,Saigon Plastic Packaging JSC,1264,2
853,855,SQC,Sai Gon - Quy Nhơn Mining Corporation,1871,2
854,856,SRA,Sara Vietnam JSC,1102,2
855,857,SRB,Sara Group Joint Stock Company  ,1136,2
856,858,SRC,Sao Vang Rubber Joint Stock Company,1832,1
857,859,SRF,Seaprodex Refrigeration Industry Corporation,1847,1
858,860,SSC,Southern Seed Corporation,594,1
859,861,SSI,Sai Gon Securities Incorporation,993,1
860,862,SSM,Steel Structure Manufacture Joint Stock Company,1396,2
861,863,SSU,,4415,3
862,864,ST8,Sieu Thanh Joint Stock Corporation,1021,1
863,865,STB,Sai Gon Thuong Tin Commercial Joint Stock Bank,59,1
864,866,STC,Book &amp; Education Equipment Joint Stock Company ,977,2
865,867,STG,South Logistics Joint Stock Company,1510,1
866,868,STH,Thai Nguyen Book Distribution JSC,4796,3
867,869,STK,Century Synthetic Fiber Corporation,2758,1
868,870,STP,Song Da Industry Trade JSC,978,2
869,871,STT,Saigontourist Transport Corporation,1274,3
870,872,STW,SocTrang Water Supply JSC,4695,3
871,873,SUM,Survey and Minerals JSC,4635,3
872,874,SVC,Saigon General Service Corporation,979,1
873,875,SVH,Song Vang Hydropower JSC,4621,3
874,876,SVI,Bien Hoa Packaging Company,1429,1
875,877,SVN,Solavina JSC,3007,2
876,878,SVT,"Sai Gon Vien DongTechnology ,. JSC",2749,1
877,879,SZL,Sonadezi Long Thanh,1292,1
878,880,T12,Trang Thi Commercial And Services Joint Stock Company,4081,3
879,881,TA3,386 Thanh An Construction and Investment JSC,4631,3
880,882,TA6,"Thanh An 665 Investment, Installation and Construction Joint Stock Company",4604,3
881,883,TA9,Thanh An 96 Installation and Construction Joint Stock Company,2919,2
882,884,TAC,Tuong An Vegetable Oil Joint Stock Company,824,1
883,885,TAG,Tran Anh Digital World JSC,1734,2
884,886,TAN,Thuan An Coffee Company Limited,4737,3
885,887,TAP,TAN AN PUBLIC SERVICES JSC,4376,3
886,888,TAR,Trung An Hi - Tech Farming Joint Stock Company,4724,2
887,889,TB8,VVMI - MANUFACTURING AND MATERIALS EQUIPMENT TRADING JSC,4430,3
888,890,TBC,Thac Ba Hydropower Joint Stock Company,1004,1
889,891,TBN,,4555,3
890,892,TBX,Thai Binh Cement Joint Stock Company,1439,2
891,893,TC6,Vinacomin - Coc Sau Coal JSC,1168,2
892,894,TCB,Vietnam Technological and Commercial Joint Stock Bank,1176,1
893,895,TCD,Transport &amp; Industry Development Investment JSC,3613,1
894,896,TCH,Hoang Huy Investment Financial Services JSC,4383,1
895,897,TCJ,To Chau Joint Stock Company,2127,3
896,898,TCK,Construction Machinery Corporation - JSC,4337,3
897,899,TCL,Tan Cang Logistics &amp; Stevedoring Joint Stock Company,1239,1
898,900,TCM,Thanh Cong Textile Garment Investment Trading JSC,953,1
899,901,TCO,Duyen Hai Multi Modal Transport JSC,1825,1
900,902,TCR,Taicera Enterprise Company,825,1
901,903,TCS,Vinacomin - Cao Son Coal JSC,1386,2
902,904,TCT,Tay Ninh Cable Car Tour Company,734,1
903,905,TCW,Tan Cang Warehousing Joint Stock Company,3065,3
904,906,TDA,Dong Anh Investment Contruction &amp; Materianls JSC,2962,3
905,907,TDC,Binh Duong Trade And Development JSC,1933,1
906,908,TDH,Thu Duc Housing Development Corporation,826,1
907,909,TDM,Thu Dau Mot Water Joint Stock Company,4289,3
908,910,TDN,Vinacomin - DeoNai Coal JSC,1387,2
909,911,TDP,Thuan Duc Joint Stock Company,4716,3
910,912,TDT,TDT Investment and Development Joint Stock Company,4676,2
911,913,TDW,Thu Duc Water Supply Joint Stock Company,2191,1
912,914,TEC,TRAENCO JSC,2453,3
913,915,TEG,Truong Thanh Real Estate and Construction JSC,4179,2
914,916,TET,Northern Textiles &amp; Garments Joint Stock Company ,1840,2
915,917,TFC,Trang Corporation,4155,2
916,918,TGG, Truong Giang Investment And Construction Join Stock Company,4678,1
917,919,TH1,The Vietnam National General Export - Import JSC No.1,1262,2
918,920,THB,Thanh Hoa Beer Joint Stock Company,1428,2
919,921,THD,Thaiholdings Joint Stock Company,4817,2
920,922,THG,Tien Giang Investment And Construction JSC,2125,1
921,923,THR,Thuan Hai Railway JSC,4486,3
922,924,THS,Song Da Thanh Hoa Joint Stock Company,2419,2
923,925,THT,Vinacomin - Ha Tu Coal JSC,1414,2
924,926,THU,Thanh Hoa Urban Construction and Environment Joint Stock Company,4506,3
925,927,TIC,Tay Nguyen Electricity Investment JSC,1814,1
926,928,TIE,Telecommunication Industry Electronics JSC,1502,1
927,929,TIG,Thang Long Investment Group JSC,2700,2
928,930,TIP,Tin Nghia Industrial Park Development Joint Stock Company,2054,1
929,931,TIX,Tan Binh Import Export Joint Stock Corporation,1315,1
930,932,TJC,Transportation and Trading Services Joint Stock Company,1103,2
931,933,TKA,Tan Khanh An Bagging Joint Stock Company,4815,3
932,934,TKC,Tan Ky Construction Real Estate Trading Corporation,1872,2
933,935,TKU,Tung Kuang Industrial Joint Stock Company,1005,2
934,936,TLD,Thang Long Urban Development And Construction Investment JSC,4609,1
935,937,TLG,Thien Long Group Corporation,2050,1
936,938,TLH,Tien Len Steel Group Joint Stock Company,2164,1
937,939,TLP,Thanh Le General Import-Export Trading Corporation,4566,3
938,940,TMB,Vinacomin - North Coal Trading Joint Stock Company,2325,2
939,941,TMC,Thu Duc Trading &amp; Import Export JSC,828,2
940,942,TMP,Thac Mo Hydro Power Joint Stock Company,1256,1
941,943,TMS,Transimex Corporation,22,1
942,944,TMT,TMT Automobile Joint StockCompany,2152,1
943,945,TMX,VICEM Cement Trading JSC,1850,2
944,946,TN1,TNS Holdings Joint Stock Company,4731,1
945,947,TNA,Thien Nam Trading Import  Export JSC,1334,1
946,948,TNC,Thong Nhat Rubber Joint Stock Company,926,1
947,949,TNG,TNG Investment And Trading JSC,1006,2
948,950,TNI,Thanh Nam Group Joint Stock Company,3098,1
949,951,TNS,Thong Nhat Flat Steel Joint Stock Company,2956,3
950,952,TNT,Tai Nguyen Corporation,2600,1
951,953,TNW,Thai Nguyen Water JSC,4502,3
952,954,TOT,,4524,3
953,955,TOW,TraNoc – Omon Water Supply Joint Stock Company,4722,3
954,956,TPC,Tan Dai Hung  Plastic Joint Stock Company,1014,1
955,957,TPH,Ha Noi Textbooks Printing Joint Stock Company,983,2
956,958,TPP,Tan Phu Plastic Joint Stock Company,1337,2
957,959,TRA,Traphaco Joint Stock Company,1297,1
958,960,TRC,Tay Ninh Rubber Joint Stock Company ,998,1
959,961,TS4,Seafood Joint Stock Company No4,606,1
960,962,TSB,Tia Sang Battery Joint Stock Company,2068,2
961,963,TSC,Techno - Agricultural Supplying Joint Stock Company,950,1
962,964,TSD,Truongson Tourism JSC COECCO,4636,3
963,965,TSG,Sai Gon Railway Of Telecommunication - Signalization JSC,4490,3
964,966,TST,Telecomunication Technical Service JSC,1104,2
965,967,TTA,Truong Thanh Development and Constrution Investment Joint Stock Company,4830,1
966,968,TTB,Tien Bo Group JSC,2886,2
967,969,TTC,Thanh Thanh Joint Stock Company,769,2
968,970,TTF,Truong Thanh Furniture Corporation,1061,1
969,971,TTH,Tien Thanh Service and Trading Joint Stock Company,4321,2
970,972,TTJ,Thuy Ta Joint Stock Company,2864,3
971,973,TTL,Thang Long Joint Stock Corporation,3801,2
972,974,TTN,Viet Nam Technology &amp; Telecommunication JSC,4489,3
973,975,TTP,Tan Tien Plastic Packaging JSC,829,3
974,976,TTS,Thai Trung Steel Joint Stock Company,4223,3
975,977,TTT,Tay Ninh Tourist - Trading Joint Stock Company,1643,2
976,978,TTV,,4392,3
977,979,TTZ,Tien Trung Construction Investment and Technology JSC,3274,2
978,980,TV1,Power Engineering Consulting Joint Stock Company 1,2436,3
979,981,TV2,Power Engineering Consulting JSC 2,1846,2
980,982,TV3,Power Engineering Consunting Joint Stock Company 3,1853,2
981,983,TV4,Power Engineering Consulting Joint Stock Company 4,1214,2
982,984,TVA,Thanh Tri Sanitary Ware JSC,4485,3
983,985,TVB,Tri Viet Securities Joint Stock Corporation,1352,1
984,986,TVC,Tri Viet Investment Management Corporation,3727,2
985,987,TVD,Vinacomin - Vang Danh Coal JSC,1718,2
986,988,TVH,Construction consultation Joint Stock Company for Maritime Building,4720,3
987,989,TVS,Thien Viet Securities Joint Stock Company,1371,1
988,990,TVU,TRA VINH URBAN PROJECT JSC ,4402,3
989,991,TW3,,4396,3
990,992,TXM,VICEM Gypsum And Cement Joint Stock Company,1008,2
991,993,TYA,Taya (Vietnam) Electric Wire And Cable JSC,757,1
992,994,UCT,Can Tho Urban Joint Stock Company,4405,3
993,995,UDC,Urban Development &amp; Construction Corporation,2517,1
994,996,UDL,DAKLAK Urban and Environment JSC,4785,3
995,997,UIC,Idico Urban &amp; House Development JSC,1001,1
996,998,UMC,,4544,3
997,999,UNI,Vien Lien Joint Stock Company,381,2
998,1000,UPC,Vung Tau Urban And Parks Development JSC,2725,3
999,1001,UPH,No 25 Central Pharmaceutical Joint Stock Company,2452,3
1000,1002,USD,Soc Trang Public Works Joint Stock Company,4726,3
1001,1003,V12,Viet Nam Construction Join Stock Company No 12,1866,2
1002,1004,V21,Vinaconex 21 Joint Stock Company No.21,1757,2
1003,1005,VAF,Van Dien Fused Magnesium Phosphate Fertilizer JSC,3602,1
1004,1006,VAT,Van Xuan VT  Joint Stock Company,2645,2
1005,1007,VAV,,4530,3
1006,1008,VBC,Vinh Plastic &amp; Bags JSC,1890,2
1007,1009,VBG,Vinacomin -Viet Bac Geology JSC,4188,3
1008,1010,VBH,Viettronics Binh Hoa Joint Stock Company,985,2
1009,1011,VC1,Construction Joint Stock Company No 1,1557,2
1010,1012,VC2,Viet Nam Construction Joint Stock Company No2,987,2
1011,1013,VC3,Construction Joint Stock Company No 3,1070,2
1012,1014,VC5,Construction Joint Stock Company No 5,1071,2
1013,1015,VC6,Vinaconex 6 Joint Stock Company,1074,2
1014,1016,VC7,No 7 Viet Nam Construction Joint Stock Company,1078,2
1015,1017,VC9,Construction Joint Stock Company No.9,1833,2
1016,1018,VCB,Bank for Foreign Trade of Vietnam,1167,1
1017,1019,VCC,Vinaconex 25 Joint Stock Company,1515,2
1018,1020,VCF,Vinacafé Bienhoa Joint Stock Company,1266,1
1019,1021,VCG,Vietnam Construction And Import-Export Joint Stock Corporation,1290,2
1020,1022,VCM,Vinaconex Trading &amp; Manpower JSC,2553,2
1021,1023,VCR,Vinaconex Investment And Tourism Development JSC,2549,2
1022,1024,VCS,Vicostone Joint Stock Company,1105,2
1023,1025,VDB,Dong Bac Transport and Processing of Coal Joint Stock Company,4718,3
1024,1026,VDL,Lam Dong Foodstuffs JSC,1106,2
1025,1027,VDS,Viet Dragon Securities Corporation,856,2
1026,1028,VE1,Vneco1 Electricity Construction Joint Stock Company,1236,2
1027,1029,VE2,Vneco2 Electricity Construction Joint Stock Company,1899,2
1028,1030,VE3,VNECO 3 Electricity Construction JSC,2178,2
1029,1031,VE4,VNECO4 Electricity Construction JSC,3231,2
1030,1032,VE8,Vneco 8 Electricity Construction Joint Stock Company,2009,2
1031,1033,VE9,VNECO 9 Investment And Construction JSC,1107,2
1032,1034,VEA,Viet Nam Engine And Agricultural Machinery Corporation,4361,3
1033,1035,VEE,Cam Pha Eletrical Equipment JSC,2216,3
1034,1036,VET,Navetco National Veterinary Joint Stock Company,4614,3
1035,1037,VFG,Viet Nam Fumigation Joint Stock Company,1875,1
1036,1038,VFR,Transport And Chartering Corporation,988,2
1037,1039,VGP,The Vegetexco Port JSC,831,2
1038,1040,VGR,,4669,3
1039,1041,VGS,Vietnam Germany Steel Pipe JSC,1420,2
1040,1042,VGT,Vietnam National Textile &amp; Garment Group,3579,3
1041,1043,VHC,Vinh Hoan Corporation,1063,1
1042,1044,VHE,Vietnam Herbs and Foods Joint Stock Company,4723,2
1043,1045,VHG,Quang Nam Rubber Investment JSC,1040,1
1044,1046,VHL,Viglacera Ha Long JSC,1484,2
1045,1047,VHM,,4673,1
1046,1048,VIB,Vietnam International Commercial Joint Stock Bank,278,3
1047,1049,VIC,Vingroup Joint Stock Company,942,1
1048,1050,VID,Vien Dong Investment Development Trading Corporation,832,1
1049,1051,VIE,VITECO Vietnam Telecommunications Technology JSC ,2004,2
1050,1052,VIF,Vietnam Forestry Corporation - JSC,4282,3
1051,1053,VIG,Viet Nam Industrial &amp; Commercial Securities Corporation,1206,2
1052,1054,VIH,Viglacera Hanoi Joint Stock Company,1435,3
1053,1055,VIM,Viglacera Mineral JSC,2490,3
1054,1056,VIP,Vietnam Petroleum Transport Joint Stock Company,833,1
1055,1057,VIS,Vietnam – Italy Steel Joint Stock Company,834,1
1056,1058,VIT,Viglacera Tien Son Joint Stock Company,1842,2
1057,1059,VIW,Vietnam Water &amp; Environment Investment  Corporation JSC,3663,3
1058,1060,VIX,IB Securities Joint Stock Company,1186,2
1059,1061,VJC,Vietjet Aviation Joint Stock Company,2421,1
1060,1062,VKC,Vinh Khanh Cable Plastic Corporation,2701,2
1061,1063,VLA,Van Lang Technology Development &amp; Investment JSC,2601,2
1062,1064,VLF,Vinh Long Cereal and Food Corporation,2213,1
1063,1065,VLP,,4527,3
1064,1066,VMC,Vimeco JSC,989,2
1065,1067,VMD,Vimedimmex Medi - Pharma Joint Stock Company,2235,1
1066,1068,VMI,Visaco Mineral and Investment Joint Stock Company,3749,2
1067,1069,VMS,Vietnam Maritime Development Joint Stock Company,2265,2
1068,1070,VNA,Vinaship Joint Stock Company,1291,3
1069,1071,VNC,Vinacontrol Group Corporation,990,2
1070,1072,VND,VNDirect Securities Corporation,1377,2
1071,1073,VNE,Vietnam Electricity Construction Joint Stock Corporation,995,1
1072,1074,VNF,Vinafreight Joint Stock Company,2337,2
1073,1075,VNG,Thanh Thanh Cong Tourist Joint Stock Company,1995,1
1074,1076,VNH,Viet Nhat Seafood Corporation,2530,3
1075,1077,VNL,Vinalink Logistics Joint Stock Company,1673,1
1076,1078,VNM,Viet Nam Dairy Products Joint Stock Company,686,1
1077,1079,VNR,Vietnam National Reinsurance Corporation,992,2
1078,1080,VNS,VietNam Sun Copporation,1228,1
1079,1081,VNT,The Van Cargoes And Foreign Trade Logistics JSC,1672,2
1080,1082,VOS,Viet Nam Ocean Shipping Joint Stock Company,2402,1
1081,1083,VPD,Vietnam Power Development Joint Stock Company,4297,3
1082,1084,VPG,Viet Phat Import Export Trading Investment Joint Stock Company,4644,1
1083,1085,VPH,Van Phat Hung Corporation,1819,1
1084,1086,VPI,Van Phu - Invest Investment Joint Stock Company,4568,1
1085,1087,VPK,Vegetable Oil Packing Joint Stock Company ,835,1
1086,1088,VPR,,4413,3
1087,1089,VPS,Vietnam Pesticide Joint Stock Company,1726,1
1088,1090,VPW,Vinh Phuc Water Supply and Drainage Joint Stock Company No.1,4590,3
1089,1091,VRC,Vung Tau Construction &amp; Real Estate Joint Stock Company,2229,1
1090,1092,VRE,Vincom Retail Joint Stock Company,4585,1
1091,1093,VSA,Vietnam Ocean Shipping Agency Corporation,1410,2
1092,1094,VSC,Vietnam Container Shipping Joint Stock Corporation,1039,1
1093,1095,VSE,,4709,3
1094,1096,VSH,Vinh Son - Song Hinh Hydropower Joint Stock Company,764,1
1095,1097,VSI,"Water Supply Sewwerage Contruction &amp; Invesment,.  JSC",2698,1
1096,1098,VTB,Viettronics Tan Binh Joint Stock Company,837,1
1097,1099,VTC,VTC Telecommunications JSC,69,2
1098,1100,VTD,Vietourist Travel JSC,4765,3
1099,1101,VTE,VINACAP Telecom Electronics JSC,2424,3
1100,1102,VTF,Viet Thang Feed Joint Stock Company,2219,1
1101,1103,VTH,Viet Thai Electric Cable Corporation,1651,2
1102,1104,VTL,Thang Long Joint Stock Company,1108,2
1103,1105,VTO,Viet Nam Tanker Joint Stock Company,952,1
1104,1106,VTS,Viglacera Tu Son Ceramic JSC,1109,2
1105,1107,VTV,VICEM Materials Transport Cement JSC,1113,2
1106,1108,VWS,"Viet Nam Water, Sanitation and Environment JSC",4434,3
1107,1109,VXB,Ben Tre Construction Material Joint Stock Company,1911,2
1108,1110,VXP,VETVACO National Veterinary Joint Stock Company,4752,3
1109,1111,WCS,West Coach Station Joint Stock Company,2180,2
1110,1112,WSS,Wall Street Securities ,1203,2
1111,1113,WTN,Tay Ninh Water Supply Sewerage Joint Stock Company,4200,3
1112,1114,X18,X18 Cement Joint Stock Company,2350,3
1113,1115,X20,X20 JSC,4638,2
1114,1116,X26,26 JSC,4696,3
1115,1117,X77,Thanh An 77 JSC,4456,3
1116,1118,YEG,Yeah1 Group Corporation,4680,1
1117,1119,YRC,YEN LAO RALLWAY JSC,4377,3
